<?xml version="1.0" encoding="UTF-8"?>
<GenRun Id="impl_1" LaunchPart="xc7a35tftg256-1" LaunchTime="1598857723">
  <File Type="ROUTE-PWR" Name="control_power_routed.rpt"/>
  <File Type="PA-TCL" Name="control.tcl"/>
  <File Type="BITSTR-BMM" Name="control_bd.bmm"/>
  <File Type="ROUTE-PWR-SUM" Name="control_power_summary_routed.pb"/>
  <File Type="REPORTS-TCL" Name="control_reports.tcl"/>
  <File Type="OPT-DCP" Name="control_opt.dcp"/>
  <File Type="OPT-DRC" Name="control_drc_opted.rpt"/>
  <File Type="OPT-HWDEF" Name="control.hwdef"/>
  <File Type="PWROPT-DCP" Name="control_pwropt.dcp"/>
  <File Type="PLACE-DCP" Name="control_placed.dcp"/>
  <File Type="PLACE-IO" Name="control_io_placed.rpt"/>
  <File Type="PLACE-UTIL" Name="control_utilization_placed.rpt"/>
  <File Type="PLACE-UTIL-PB" Name="control_utilization_placed.pb"/>
  <File Type="PLACE-CTRL" Name="control_control_sets_placed.rpt"/>
  <File Type="PLACE-PRE-SIMILARITY" Name="control_incremental_reuse_pre_placed.rpt"/>
  <File Type="BG-BGN" Name="control.bgn"/>
  <File Type="POSTPLACE-PWROPT-DCP" Name="control_postplace_pwropt.dcp"/>
  <File Type="BG-BIN" Name="control.bin"/>
  <File Type="PHYSOPT-DCP" Name="control_physopt.dcp"/>
  <File Type="BITSTR-MSK" Name="control.msk"/>
  <File Type="ROUTE-ERROR-DCP" Name="control_routed_error.dcp"/>
  <File Type="ROUTE-DCP" Name="control_routed.dcp"/>
  <File Type="ROUTE-BLACKBOX-DCP" Name="control_routed_bb.dcp"/>
  <File Type="ROUTE-DRC" Name="control_drc_routed.rpt"/>
  <File Type="ROUTE-DRC-PB" Name="control_drc_routed.pb"/>
  <File Type="ROUTE-DRC-RPX" Name="control_drc_routed.rpx"/>
  <File Type="BITSTR-LTX" Name="control.ltx"/>
  <File Type="ROUTE-METHODOLOGY-DRC" Name="control_methodology_drc_routed.rpt"/>
  <File Type="BITSTR-MMI" Name="control.mmi"/>
  <File Type="ROUTE-METHODOLOGY-DRC-RPX" Name="control_methodology_drc_routed.rpx"/>
  <File Type="ROUTE-METHODOLOGY-DRC-PB" Name="control_methodology_drc_routed.pb"/>
  <File Type="BITSTR-SYSDEF" Name="control.sysdef"/>
  <File Type="ROUTE-PWR-RPX" Name="control_power_routed.rpx"/>
  <File Type="ROUTE-STATUS" Name="control_route_status.rpt"/>
  <File Type="ROUTE-STATUS-PB" Name="control_route_status.pb"/>
  <File Type="ROUTE-TIMINGSUMMARY" Name="control_timing_summary_routed.rpt"/>
  <File Type="ROUTE-TIMING-PB" Name="control_timing_summary_routed.pb"/>
  <File Type="ROUTE-TIMING-RPX" Name="control_timing_summary_routed.rpx"/>
  <File Type="ROUTE-CLK" Name="control_clock_utilization_routed.rpt"/>
  <File Type="ROUTE-BUS-SKEW" Name="control_bus_skew_routed.rpt"/>
  <File Type="ROUTE-BUS-SKEW-PB" Name="control_bus_skew_routed.pb"/>
  <File Type="ROUTE-BUS-SKEW-RPX" Name="control_bus_skew_routed.rpx"/>
  <File Type="POSTROUTE-PHYSOPT-DCP" Name="control_postroute_physopt.dcp"/>
  <File Type="POSTROUTE-PHYSOPT-BLACKBOX-DCP" Name="control_postroute_physopt_bb.dcp"/>
  <File Type="BG-BIT" Name="control.bit"/>
  <File Type="BITSTR-RBT" Name="control.rbt"/>
  <File Type="BITSTR-NKY" Name="control.nky"/>
  <File Type="BG-DRC" Name="control.drc"/>
  <File Type="RDI-RDI" Name="control.vdi"/>
  <File Type="WBT-USG" Name="usage_statistics_webtalk.html"/>
  <FileSet Name="sources" Type="DesignSrcs" RelSrcDir="$PSRCDIR/sources_1">
    <Filter Type="Srcs"/>
    <File Path="$PSRCDIR/sources_1/new/control.v">
      <FileInfo>
        <Attr Name="ImportPath" Val="D:/Ex5_CPU/control/CPU_1/CPU_1.srcs/sources_1/new/control.v"/>
        <Attr Name="ImportTime" Val="1598857696"/>
        <Attr Name="UsedIn" Val="synthesis"/>
        <Attr Name="UsedIn" Val="implementation"/>
        <Attr Name="UsedIn" Val="simulation"/>
      </FileInfo>
    </File>
    <Config>
      <Option Name="DesignMode" Val="RTL"/>
      <Option Name="TopModule" Val="control"/>
      <Option Name="TopAutoSet" Val="TRUE"/>
    </Config>
  </FileSet>
  <FileSet Name="constrs_in" Type="Constrs" RelSrcDir="$PSRCDIR/constrs_1">
    <Filter Type="Constrs"/>
    <Config>
      <Option Name="ConstrsType" Val="XDC"/>
    </Config>
  </FileSet>
  <FileSet Name="utils" Type="Utils" RelSrcDir="$PSRCDIR/utils_1">
    <Filter Type="Utils"/>
    <Config>
      <Option Name="TopAutoSet" Val="TRUE"/>
    </Config>
  </FileSet>
  <Strategy Version="1" Minor="2">
    <StratHandle Name="Vivado Implementation Defaults" Flow="Vivado Implementation 2018"/>
    <Step Id="init_design"/>
    <Step Id="opt_design"/>
    <Step Id="power_opt_design"/>
    <Step Id="place_design"/>
    <Step Id="post_place_power_opt_design"/>
    <Step Id="phys_opt_design"/>
    <Step Id="route_design"/>
    <Step Id="post_route_phys_opt_design"/>
    <Step Id="write_bitstream"/>
  </Strategy>
</GenRun>
