<?xml version="1.0" encoding="UTF-8"?>
<GenRun Id="impl_1" LaunchPart="xc7a35tftg256-1" LaunchTime="1597671056">
  <File Type="ROUTE-PWR" Name="doubling_power_routed.rpt"/>
  <File Type="PA-TCL" Name="doubling.tcl"/>
  <File Type="BITSTR-BMM" Name="doubling_bd.bmm"/>
  <File Type="ROUTE-PWR-SUM" Name="doubling_power_summary_routed.pb"/>
  <File Type="REPORTS-TCL" Name="doubling_reports.tcl"/>
  <File Type="OPT-DCP" Name="doubling_opt.dcp"/>
  <File Type="OPT-DRC" Name="doubling_drc_opted.rpt"/>
  <File Type="OPT-HWDEF" Name="doubling.hwdef"/>
  <File Type="PWROPT-DCP" Name="doubling_pwropt.dcp"/>
  <File Type="PLACE-DCP" Name="doubling_placed.dcp"/>
  <File Type="PLACE-IO" Name="doubling_io_placed.rpt"/>
  <File Type="PLACE-UTIL" Name="doubling_utilization_placed.rpt"/>
  <File Type="PLACE-UTIL-PB" Name="doubling_utilization_placed.pb"/>
  <File Type="PLACE-CTRL" Name="doubling_control_sets_placed.rpt"/>
  <File Type="PLACE-PRE-SIMILARITY" Name="doubling_incremental_reuse_pre_placed.rpt"/>
  <File Type="BG-BGN" Name="doubling.bgn"/>
  <File Type="POSTPLACE-PWROPT-DCP" Name="doubling_postplace_pwropt.dcp"/>
  <File Type="BG-BIN" Name="doubling.bin"/>
  <File Type="PHYSOPT-DCP" Name="doubling_physopt.dcp"/>
  <File Type="BITSTR-MSK" Name="doubling.msk"/>
  <File Type="ROUTE-ERROR-DCP" Name="doubling_routed_error.dcp"/>
  <File Type="ROUTE-DCP" Name="doubling_routed.dcp"/>
  <File Type="ROUTE-BLACKBOX-DCP" Name="doubling_routed_bb.dcp"/>
  <File Type="ROUTE-DRC" Name="doubling_drc_routed.rpt"/>
  <File Type="ROUTE-DRC-PB" Name="doubling_drc_routed.pb"/>
  <File Type="ROUTE-DRC-RPX" Name="doubling_drc_routed.rpx"/>
  <File Type="BITSTR-LTX" Name="doubling.ltx"/>
  <File Type="ROUTE-METHODOLOGY-DRC" Name="doubling_methodology_drc_routed.rpt"/>
  <File Type="BITSTR-MMI" Name="doubling.mmi"/>
  <File Type="ROUTE-METHODOLOGY-DRC-RPX" Name="doubling_methodology_drc_routed.rpx"/>
  <File Type="ROUTE-METHODOLOGY-DRC-PB" Name="doubling_methodology_drc_routed.pb"/>
  <File Type="BITSTR-SYSDEF" Name="doubling.sysdef"/>
  <File Type="ROUTE-PWR-RPX" Name="doubling_power_routed.rpx"/>
  <File Type="ROUTE-STATUS" Name="doubling_route_status.rpt"/>
  <File Type="ROUTE-STATUS-PB" Name="doubling_route_status.pb"/>
  <File Type="ROUTE-TIMINGSUMMARY" Name="doubling_timing_summary_routed.rpt"/>
  <File Type="ROUTE-TIMING-PB" Name="doubling_timing_summary_routed.pb"/>
  <File Type="ROUTE-TIMING-RPX" Name="doubling_timing_summary_routed.rpx"/>
  <File Type="ROUTE-CLK" Name="doubling_clock_utilization_routed.rpt"/>
  <File Type="ROUTE-BUS-SKEW" Name="doubling_bus_skew_routed.rpt"/>
  <File Type="ROUTE-BUS-SKEW-PB" Name="doubling_bus_skew_routed.pb"/>
  <File Type="ROUTE-BUS-SKEW-RPX" Name="doubling_bus_skew_routed.rpx"/>
  <File Type="POSTROUTE-PHYSOPT-DCP" Name="doubling_postroute_physopt.dcp"/>
  <File Type="POSTROUTE-PHYSOPT-BLACKBOX-DCP" Name="doubling_postroute_physopt_bb.dcp"/>
  <File Type="BG-BIT" Name="doubling.bit"/>
  <File Type="BITSTR-RBT" Name="doubling.rbt"/>
  <File Type="BITSTR-NKY" Name="doubling.nky"/>
  <File Type="BG-DRC" Name="doubling.drc"/>
  <File Type="RDI-RDI" Name="doubling.vdi"/>
  <File Type="WBT-USG" Name="usage_statistics_webtalk.html"/>
  <FileSet Name="sources" Type="DesignSrcs" RelSrcDir="$PSRCDIR/sources_1">
    <Filter Type="Srcs"/>
    <File Path="$PSRCDIR/sources_1/new/doubling.v">
      <FileInfo>
        <Attr Name="ImportPath" Val="$PPRDIR/../../../../../../../../Desktop/Experiment_3/doubling/project_2.srcs/sources_1/new/doubling.v"/>
        <Attr Name="ImportTime" Val="1597671050"/>
        <Attr Name="UsedIn" Val="synthesis"/>
        <Attr Name="UsedIn" Val="implementation"/>
        <Attr Name="UsedIn" Val="simulation"/>
      </FileInfo>
    </File>
    <Config>
      <Option Name="DesignMode" Val="RTL"/>
      <Option Name="TopModule" Val="doubling"/>
      <Option Name="TopAutoSet" Val="TRUE"/>
    </Config>
  </FileSet>
  <FileSet Name="constrs_in" Type="Constrs" RelSrcDir="$PSRCDIR/constrs_1">
    <Filter Type="Constrs"/>
    <Config>
      <Option Name="ConstrsType" Val="XDC"/>
    </Config>
  </FileSet>
  <FileSet Name="utils" Type="Utils" RelSrcDir="$PSRCDIR/utils_1">
    <Filter Type="Utils"/>
    <Config>
      <Option Name="TopAutoSet" Val="TRUE"/>
    </Config>
  </FileSet>
  <Strategy Version="1" Minor="2">
    <StratHandle Name="Vivado Implementation Defaults" Flow="Vivado Implementation 2018"/>
    <Step Id="init_design"/>
    <Step Id="opt_design"/>
    <Step Id="power_opt_design"/>
    <Step Id="place_design"/>
    <Step Id="post_place_power_opt_design"/>
    <Step Id="phys_opt_design"/>
    <Step Id="route_design"/>
    <Step Id="post_route_phys_opt_design"/>
    <Step Id="write_bitstream"/>
  </Strategy>
</GenRun>
