<?xml version="1.0" encoding="UTF-8"?>
<GenRun Id="impl_1" LaunchPart="xc7a35tftg256-1" LaunchTime="1598619183">
  <File Type="ROUTE-PWR" Name="PC_power_routed.rpt"/>
  <File Type="PA-TCL" Name="PC.tcl"/>
  <File Type="BITSTR-BMM" Name="PC_bd.bmm"/>
  <File Type="ROUTE-PWR-SUM" Name="PC_power_summary_routed.pb"/>
  <File Type="REPORTS-TCL" Name="PC_reports.tcl"/>
  <File Type="OPT-DCP" Name="PC_opt.dcp"/>
  <File Type="OPT-DRC" Name="PC_drc_opted.rpt"/>
  <File Type="OPT-HWDEF" Name="PC.hwdef"/>
  <File Type="PWROPT-DCP" Name="PC_pwropt.dcp"/>
  <File Type="PLACE-DCP" Name="PC_placed.dcp"/>
  <File Type="PLACE-IO" Name="PC_io_placed.rpt"/>
  <File Type="PLACE-UTIL" Name="PC_utilization_placed.rpt"/>
  <File Type="PLACE-UTIL-PB" Name="PC_utilization_placed.pb"/>
  <File Type="PLACE-CTRL" Name="PC_control_sets_placed.rpt"/>
  <File Type="PLACE-PRE-SIMILARITY" Name="PC_incremental_reuse_pre_placed.rpt"/>
  <File Type="BG-BGN" Name="PC.bgn"/>
  <File Type="POSTPLACE-PWROPT-DCP" Name="PC_postplace_pwropt.dcp"/>
  <File Type="BG-BIN" Name="PC.bin"/>
  <File Type="PHYSOPT-DCP" Name="PC_physopt.dcp"/>
  <File Type="BITSTR-MSK" Name="PC.msk"/>
  <File Type="ROUTE-ERROR-DCP" Name="PC_routed_error.dcp"/>
  <File Type="ROUTE-DCP" Name="PC_routed.dcp"/>
  <File Type="ROUTE-BLACKBOX-DCP" Name="PC_routed_bb.dcp"/>
  <File Type="ROUTE-DRC" Name="PC_drc_routed.rpt"/>
  <File Type="ROUTE-DRC-PB" Name="PC_drc_routed.pb"/>
  <File Type="ROUTE-DRC-RPX" Name="PC_drc_routed.rpx"/>
  <File Type="BITSTR-LTX" Name="PC.ltx"/>
  <File Type="ROUTE-METHODOLOGY-DRC" Name="PC_methodology_drc_routed.rpt"/>
  <File Type="BITSTR-MMI" Name="PC.mmi"/>
  <File Type="ROUTE-METHODOLOGY-DRC-RPX" Name="PC_methodology_drc_routed.rpx"/>
  <File Type="ROUTE-METHODOLOGY-DRC-PB" Name="PC_methodology_drc_routed.pb"/>
  <File Type="BITSTR-SYSDEF" Name="PC.sysdef"/>
  <File Type="ROUTE-PWR-RPX" Name="PC_power_routed.rpx"/>
  <File Type="ROUTE-STATUS" Name="PC_route_status.rpt"/>
  <File Type="ROUTE-STATUS-PB" Name="PC_route_status.pb"/>
  <File Type="ROUTE-TIMINGSUMMARY" Name="PC_timing_summary_routed.rpt"/>
  <File Type="ROUTE-TIMING-PB" Name="PC_timing_summary_routed.pb"/>
  <File Type="ROUTE-TIMING-RPX" Name="PC_timing_summary_routed.rpx"/>
  <File Type="ROUTE-CLK" Name="PC_clock_utilization_routed.rpt"/>
  <File Type="ROUTE-BUS-SKEW" Name="PC_bus_skew_routed.rpt"/>
  <File Type="ROUTE-BUS-SKEW-PB" Name="PC_bus_skew_routed.pb"/>
  <File Type="ROUTE-BUS-SKEW-RPX" Name="PC_bus_skew_routed.rpx"/>
  <File Type="POSTROUTE-PHYSOPT-DCP" Name="PC_postroute_physopt.dcp"/>
  <File Type="POSTROUTE-PHYSOPT-BLACKBOX-DCP" Name="PC_postroute_physopt_bb.dcp"/>
  <File Type="BG-BIT" Name="PC.bit"/>
  <File Type="BITSTR-RBT" Name="PC.rbt"/>
  <File Type="BITSTR-NKY" Name="PC.nky"/>
  <File Type="BG-DRC" Name="PC.drc"/>
  <File Type="RDI-RDI" Name="PC.vdi"/>
  <File Type="WBT-USG" Name="usage_statistics_webtalk.html"/>
  <FileSet Name="sources" Type="DesignSrcs" RelSrcDir="$PSRCDIR/sources_1">
    <Filter Type="Srcs"/>
    <File Path="$PSRCDIR/sources_1/new/PC.v">
      <FileInfo>
        <Attr Name="ImportPath" Val="D:/Ex5_CPU/PC/CPU_1/CPU_1.srcs/sources_1/new/PC.v"/>
        <Attr Name="ImportTime" Val="1598859391"/>
        <Attr Name="UsedIn" Val="synthesis"/>
        <Attr Name="UsedIn" Val="implementation"/>
        <Attr Name="UsedIn" Val="simulation"/>
      </FileInfo>
    </File>
    <Config>
      <Option Name="DesignMode" Val="RTL"/>
      <Option Name="TopModule" Val="PC"/>
      <Option Name="TopAutoSet" Val="TRUE"/>
    </Config>
  </FileSet>
  <FileSet Name="constrs_in" Type="Constrs" RelSrcDir="$PSRCDIR/constrs_1">
    <Filter Type="Constrs"/>
    <Config>
      <Option Name="ConstrsType" Val="XDC"/>
    </Config>
  </FileSet>
  <FileSet Name="utils" Type="Utils" RelSrcDir="$PSRCDIR/utils_1">
    <Filter Type="Utils"/>
    <Config>
      <Option Name="TopAutoSet" Val="TRUE"/>
    </Config>
  </FileSet>
  <Strategy Version="1" Minor="2">
    <StratHandle Name="Vivado Implementation Defaults" Flow="Vivado Implementation 2018"/>
    <Step Id="init_design"/>
    <Step Id="opt_design"/>
    <Step Id="power_opt_design"/>
    <Step Id="place_design"/>
    <Step Id="post_place_power_opt_design"/>
    <Step Id="phys_opt_design"/>
    <Step Id="route_design"/>
    <Step Id="post_route_phys_opt_design"/>
    <Step Id="write_bitstream"/>
  </Strategy>
</GenRun>
