<?xml version="1.0" encoding="UTF-8"?>
<GenRun Id="synth_1" LaunchPart="xc7a35tftg256-1" LaunchTime="1598929419">
  <File Type="PA-TCL" Name="shifter2.tcl"/>
  <File Type="REPORTS-TCL" Name="shifter2_reports.tcl"/>
  <File Type="RDS-RDS" Name="shifter2.vds"/>
  <File Type="RDS-UTIL" Name="shifter2_utilization_synth.rpt"/>
  <File Type="RDS-UTIL-PB" Name="shifter2_utilization_synth.pb"/>
  <File Type="RDS-DCP" Name="shifter2.dcp"/>
  <FileSet Name="sources" Type="DesignSrcs" RelSrcDir="$PSRCDIR/sources_1">
    <Filter Type="Srcs"/>
    <File Path="$PSRCDIR/sources_1/new/shifter2.v">
      <FileInfo>
        <Attr Name="ImportPath" Val="D:/CPU/shifter2/project_2.srcs/sources_1/new/shifter2.v"/>
        <Attr Name="ImportTime" Val="1598929410"/>
        <Attr Name="UsedIn" Val="synthesis"/>
        <Attr Name="UsedIn" Val="implementation"/>
        <Attr Name="UsedIn" Val="simulation"/>
      </FileInfo>
    </File>
    <Config>
      <Option Name="DesignMode" Val="RTL"/>
      <Option Name="TopModule" Val="shifter2"/>
      <Option Name="TopAutoSet" Val="TRUE"/>
    </Config>
  </FileSet>
  <FileSet Name="constrs_in" Type="Constrs" RelSrcDir="$PSRCDIR/constrs_1">
    <Filter Type="Constrs"/>
    <Config>
      <Option Name="ConstrsType" Val="XDC"/>
    </Config>
  </FileSet>
  <FileSet Name="utils" Type="Utils" RelSrcDir="$PSRCDIR/utils_1">
    <Filter Type="Utils"/>
    <Config>
      <Option Name="TopAutoSet" Val="TRUE"/>
    </Config>
  </FileSet>
  <Strategy Version="1" Minor="2">
    <StratHandle Name="Vivado Synthesis Defaults" Flow="Vivado Synthesis 2018"/>
    <Step Id="synth_design"/>
  </Strategy>
</GenRun>
