<?xml version="1.0" encoding="UTF-8"?>
<GenRun Id="synth_1" LaunchPart="xc7a35tftg256-1" LaunchTime="1598862258">
  <File Type="PA-TCL" Name="instruction_memory.tcl"/>
  <File Type="REPORTS-TCL" Name="instruction_memory_reports.tcl"/>
  <File Type="RDS-RDS" Name="instruction_memory.vds"/>
  <File Type="RDS-UTIL" Name="instruction_memory_utilization_synth.rpt"/>
  <File Type="RDS-UTIL-PB" Name="instruction_memory_utilization_synth.pb"/>
  <File Type="RDS-DCP" Name="instruction_memory.dcp"/>
  <FileSet Name="sources" Type="DesignSrcs" RelSrcDir="$PSRCDIR/sources_1">
    <Filter Type="Srcs"/>
    <File Path="$PSRCDIR/sources_1/new/instruction_memory.v">
      <FileInfo>
        <Attr Name="ImportPath" Val="D:/Ex5_CPU/Instruction memory/CPU_1/CPU_1.srcs/sources_1/new/instruction_memory.v"/>
        <Attr Name="ImportTime" Val="1598862250"/>
        <Attr Name="UsedIn" Val="synthesis"/>
        <Attr Name="UsedIn" Val="implementation"/>
        <Attr Name="UsedIn" Val="simulation"/>
      </FileInfo>
    </File>
    <File Path="D:/Ex5_CPU/Instruction memory/CPU_1/component.xml">
      <FileInfo SFType="IPXACT"/>
    </File>
    <Config>
      <Option Name="DesignMode" Val="RTL"/>
      <Option Name="TopModule" Val="instruction_memory"/>
      <Option Name="TopAutoSet" Val="TRUE"/>
    </Config>
  </FileSet>
  <FileSet Name="constrs_in" Type="Constrs" RelSrcDir="$PSRCDIR/constrs_1">
    <Filter Type="Constrs"/>
    <Config>
      <Option Name="ConstrsType" Val="XDC"/>
    </Config>
  </FileSet>
  <FileSet Name="utils" Type="Utils" RelSrcDir="$PSRCDIR/utils_1">
    <Filter Type="Utils"/>
    <Config>
      <Option Name="TopAutoSet" Val="TRUE"/>
    </Config>
  </FileSet>
  <Strategy Version="1" Minor="2">
    <StratHandle Name="Vivado Synthesis Defaults" Flow="Vivado Synthesis 2018"/>
    <Step Id="synth_design"/>
  </Strategy>
</GenRun>
