<?xml version="1.0" encoding="UTF-8"?>
<GenRun Id="impl_1" LaunchPart="xc7a35tftg256-1" LaunchTime="1597670595">
  <File Type="ROUTE-PWR" Name="adder_power_routed.rpt"/>
  <File Type="PA-TCL" Name="adder.tcl"/>
  <File Type="BITSTR-BMM" Name="adder_bd.bmm"/>
  <File Type="ROUTE-PWR-SUM" Name="adder_power_summary_routed.pb"/>
  <File Type="REPORTS-TCL" Name="adder_reports.tcl"/>
  <File Type="OPT-DCP" Name="adder_opt.dcp"/>
  <File Type="OPT-DRC" Name="adder_drc_opted.rpt"/>
  <File Type="OPT-HWDEF" Name="adder.hwdef"/>
  <File Type="PWROPT-DCP" Name="adder_pwropt.dcp"/>
  <File Type="PLACE-DCP" Name="adder_placed.dcp"/>
  <File Type="PLACE-IO" Name="adder_io_placed.rpt"/>
  <File Type="PLACE-UTIL" Name="adder_utilization_placed.rpt"/>
  <File Type="PLACE-UTIL-PB" Name="adder_utilization_placed.pb"/>
  <File Type="PLACE-CTRL" Name="adder_control_sets_placed.rpt"/>
  <File Type="PLACE-PRE-SIMILARITY" Name="adder_incremental_reuse_pre_placed.rpt"/>
  <File Type="BG-BGN" Name="adder.bgn"/>
  <File Type="POSTPLACE-PWROPT-DCP" Name="adder_postplace_pwropt.dcp"/>
  <File Type="BG-BIN" Name="adder.bin"/>
  <File Type="PHYSOPT-DCP" Name="adder_physopt.dcp"/>
  <File Type="BITSTR-MSK" Name="adder.msk"/>
  <File Type="ROUTE-ERROR-DCP" Name="adder_routed_error.dcp"/>
  <File Type="ROUTE-DCP" Name="adder_routed.dcp"/>
  <File Type="ROUTE-BLACKBOX-DCP" Name="adder_routed_bb.dcp"/>
  <File Type="ROUTE-DRC" Name="adder_drc_routed.rpt"/>
  <File Type="ROUTE-DRC-PB" Name="adder_drc_routed.pb"/>
  <File Type="ROUTE-DRC-RPX" Name="adder_drc_routed.rpx"/>
  <File Type="BITSTR-LTX" Name="adder.ltx"/>
  <File Type="ROUTE-METHODOLOGY-DRC" Name="adder_methodology_drc_routed.rpt"/>
  <File Type="BITSTR-MMI" Name="adder.mmi"/>
  <File Type="ROUTE-METHODOLOGY-DRC-RPX" Name="adder_methodology_drc_routed.rpx"/>
  <File Type="ROUTE-METHODOLOGY-DRC-PB" Name="adder_methodology_drc_routed.pb"/>
  <File Type="BITSTR-SYSDEF" Name="adder.sysdef"/>
  <File Type="ROUTE-PWR-RPX" Name="adder_power_routed.rpx"/>
  <File Type="ROUTE-STATUS" Name="adder_route_status.rpt"/>
  <File Type="ROUTE-STATUS-PB" Name="adder_route_status.pb"/>
  <File Type="ROUTE-TIMINGSUMMARY" Name="adder_timing_summary_routed.rpt"/>
  <File Type="ROUTE-TIMING-PB" Name="adder_timing_summary_routed.pb"/>
  <File Type="ROUTE-TIMING-RPX" Name="adder_timing_summary_routed.rpx"/>
  <File Type="ROUTE-CLK" Name="adder_clock_utilization_routed.rpt"/>
  <File Type="ROUTE-BUS-SKEW" Name="adder_bus_skew_routed.rpt"/>
  <File Type="ROUTE-BUS-SKEW-PB" Name="adder_bus_skew_routed.pb"/>
  <File Type="ROUTE-BUS-SKEW-RPX" Name="adder_bus_skew_routed.rpx"/>
  <File Type="POSTROUTE-PHYSOPT-DCP" Name="adder_postroute_physopt.dcp"/>
  <File Type="POSTROUTE-PHYSOPT-BLACKBOX-DCP" Name="adder_postroute_physopt_bb.dcp"/>
  <File Type="BG-BIT" Name="adder.bit"/>
  <File Type="BITSTR-RBT" Name="adder.rbt"/>
  <File Type="BITSTR-NKY" Name="adder.nky"/>
  <File Type="BG-DRC" Name="adder.drc"/>
  <File Type="RDI-RDI" Name="adder.vdi"/>
  <File Type="WBT-USG" Name="usage_statistics_webtalk.html"/>
  <FileSet Name="sources" Type="DesignSrcs" RelSrcDir="$PSRCDIR/sources_1">
    <Filter Type="Srcs"/>
    <File Path="$PSRCDIR/sources_1/new/adder.v">
      <FileInfo>
        <Attr Name="ImportPath" Val="$PPRDIR/../../../../../../../../Desktop/Experiment_3/two_decimal/project_1.srcs/sources_1/new/adder.v"/>
        <Attr Name="ImportTime" Val="1597670492"/>
        <Attr Name="UsedIn" Val="synthesis"/>
        <Attr Name="UsedIn" Val="implementation"/>
        <Attr Name="UsedIn" Val="simulation"/>
      </FileInfo>
    </File>
    <Config>
      <Option Name="DesignMode" Val="RTL"/>
      <Option Name="TopModule" Val="adder"/>
      <Option Name="TopAutoSet" Val="TRUE"/>
    </Config>
  </FileSet>
  <FileSet Name="constrs_in" Type="Constrs" RelSrcDir="$PSRCDIR/constrs_1">
    <Filter Type="Constrs"/>
    <Config>
      <Option Name="ConstrsType" Val="XDC"/>
    </Config>
  </FileSet>
  <FileSet Name="utils" Type="Utils" RelSrcDir="$PSRCDIR/utils_1">
    <Filter Type="Utils"/>
    <Config>
      <Option Name="TopAutoSet" Val="TRUE"/>
    </Config>
  </FileSet>
  <Strategy Version="1" Minor="2">
    <StratHandle Name="Vivado Implementation Defaults" Flow="Vivado Implementation 2018"/>
    <Step Id="init_design"/>
    <Step Id="opt_design"/>
    <Step Id="power_opt_design"/>
    <Step Id="place_design"/>
    <Step Id="post_place_power_opt_design"/>
    <Step Id="phys_opt_design"/>
    <Step Id="route_design"/>
    <Step Id="post_route_phys_opt_design"/>
    <Step Id="write_bitstream"/>
  </Strategy>
</GenRun>
