<?xml version="1.0" encoding="UTF-8"?>
<GenRun Id="impl_1" LaunchPart="xc7a35tftg256-1" LaunchTime="1598859211">
  <File Type="ROUTE-PWR" Name="Registers_power_routed.rpt"/>
  <File Type="PA-TCL" Name="Registers.tcl"/>
  <File Type="BITSTR-BMM" Name="Registers_bd.bmm"/>
  <File Type="ROUTE-PWR-SUM" Name="Registers_power_summary_routed.pb"/>
  <File Type="REPORTS-TCL" Name="Registers_reports.tcl"/>
  <File Type="OPT-DCP" Name="Registers_opt.dcp"/>
  <File Type="OPT-DRC" Name="Registers_drc_opted.rpt"/>
  <File Type="OPT-HWDEF" Name="Registers.hwdef"/>
  <File Type="PWROPT-DCP" Name="Registers_pwropt.dcp"/>
  <File Type="PLACE-DCP" Name="Registers_placed.dcp"/>
  <File Type="PLACE-IO" Name="Registers_io_placed.rpt"/>
  <File Type="PLACE-UTIL" Name="Registers_utilization_placed.rpt"/>
  <File Type="PLACE-UTIL-PB" Name="Registers_utilization_placed.pb"/>
  <File Type="PLACE-CTRL" Name="Registers_control_sets_placed.rpt"/>
  <File Type="PLACE-PRE-SIMILARITY" Name="Registers_incremental_reuse_pre_placed.rpt"/>
  <File Type="BG-BGN" Name="Registers.bgn"/>
  <File Type="POSTPLACE-PWROPT-DCP" Name="Registers_postplace_pwropt.dcp"/>
  <File Type="BG-BIN" Name="Registers.bin"/>
  <File Type="PHYSOPT-DCP" Name="Registers_physopt.dcp"/>
  <File Type="BITSTR-MSK" Name="Registers.msk"/>
  <File Type="ROUTE-ERROR-DCP" Name="Registers_routed_error.dcp"/>
  <File Type="ROUTE-DCP" Name="Registers_routed.dcp"/>
  <File Type="ROUTE-BLACKBOX-DCP" Name="Registers_routed_bb.dcp"/>
  <File Type="ROUTE-DRC" Name="Registers_drc_routed.rpt"/>
  <File Type="ROUTE-DRC-PB" Name="Registers_drc_routed.pb"/>
  <File Type="ROUTE-DRC-RPX" Name="Registers_drc_routed.rpx"/>
  <File Type="BITSTR-LTX" Name="Registers.ltx"/>
  <File Type="ROUTE-METHODOLOGY-DRC" Name="Registers_methodology_drc_routed.rpt"/>
  <File Type="BITSTR-MMI" Name="Registers.mmi"/>
  <File Type="ROUTE-METHODOLOGY-DRC-RPX" Name="Registers_methodology_drc_routed.rpx"/>
  <File Type="ROUTE-METHODOLOGY-DRC-PB" Name="Registers_methodology_drc_routed.pb"/>
  <File Type="BITSTR-SYSDEF" Name="Registers.sysdef"/>
  <File Type="ROUTE-PWR-RPX" Name="Registers_power_routed.rpx"/>
  <File Type="ROUTE-STATUS" Name="Registers_route_status.rpt"/>
  <File Type="ROUTE-STATUS-PB" Name="Registers_route_status.pb"/>
  <File Type="ROUTE-TIMINGSUMMARY" Name="Registers_timing_summary_routed.rpt"/>
  <File Type="ROUTE-TIMING-PB" Name="Registers_timing_summary_routed.pb"/>
  <File Type="ROUTE-TIMING-RPX" Name="Registers_timing_summary_routed.rpx"/>
  <File Type="ROUTE-CLK" Name="Registers_clock_utilization_routed.rpt"/>
  <File Type="ROUTE-BUS-SKEW" Name="Registers_bus_skew_routed.rpt"/>
  <File Type="ROUTE-BUS-SKEW-PB" Name="Registers_bus_skew_routed.pb"/>
  <File Type="ROUTE-BUS-SKEW-RPX" Name="Registers_bus_skew_routed.rpx"/>
  <File Type="POSTROUTE-PHYSOPT-DCP" Name="Registers_postroute_physopt.dcp"/>
  <File Type="POSTROUTE-PHYSOPT-BLACKBOX-DCP" Name="Registers_postroute_physopt_bb.dcp"/>
  <File Type="BG-BIT" Name="Registers.bit"/>
  <File Type="BITSTR-RBT" Name="Registers.rbt"/>
  <File Type="BITSTR-NKY" Name="Registers.nky"/>
  <File Type="BG-DRC" Name="Registers.drc"/>
  <File Type="RDI-RDI" Name="Registers.vdi"/>
  <File Type="WBT-USG" Name="usage_statistics_webtalk.html"/>
  <FileSet Name="sources" Type="DesignSrcs" RelSrcDir="$PSRCDIR/sources_1">
    <Filter Type="Srcs"/>
    <File Path="$PSRCDIR/sources_1/new/Registers.v">
      <FileInfo>
        <Attr Name="ImportPath" Val="D:/Ex5_CPU/Registers/CPU_1/CPU_1.srcs/sources_1/new/Registers.v"/>
        <Attr Name="ImportTime" Val="1598803998"/>
        <Attr Name="UsedIn" Val="synthesis"/>
        <Attr Name="UsedIn" Val="implementation"/>
        <Attr Name="UsedIn" Val="simulation"/>
      </FileInfo>
    </File>
    <Config>
      <Option Name="DesignMode" Val="RTL"/>
      <Option Name="TopModule" Val="Registers"/>
      <Option Name="TopAutoSet" Val="TRUE"/>
    </Config>
  </FileSet>
  <FileSet Name="constrs_in" Type="Constrs" RelSrcDir="$PSRCDIR/constrs_1">
    <Filter Type="Constrs"/>
    <Config>
      <Option Name="ConstrsType" Val="XDC"/>
    </Config>
  </FileSet>
  <FileSet Name="utils" Type="Utils" RelSrcDir="$PSRCDIR/utils_1">
    <Filter Type="Utils"/>
    <Config>
      <Option Name="TopAutoSet" Val="TRUE"/>
    </Config>
  </FileSet>
  <Strategy Version="1" Minor="2">
    <StratHandle Name="Vivado Implementation Defaults" Flow="Vivado Implementation 2018"/>
    <Step Id="init_design"/>
    <Step Id="opt_design"/>
    <Step Id="power_opt_design"/>
    <Step Id="place_design"/>
    <Step Id="post_place_power_opt_design"/>
    <Step Id="phys_opt_design"/>
    <Step Id="route_design"/>
    <Step Id="post_route_phys_opt_design"/>
    <Step Id="write_bitstream"/>
  </Strategy>
</GenRun>
